D:\data1\I\109.png,8
D:\data1\F\131.png,5
D:\data1\D\049.png,3
D:\data1\K\009.png,10
D:\data1\A\136.png,0
D:\data1\J\017.png,9
D:\data1\I\118.png,8
D:\data1\F\109.png,5
D:\data1\C\013.png,2
D:\data1\E\048.png,4
D:\data1\L\138.png,11
D:\data1\G\074.png,6
D:\data1\I\035.png,8
D:\data1\E\015.png,4
D:\data1\J\075.png,9
D:\data1\L\024.png,11
D:\data1\D\014.png,3
D:\data1\A\130.png,0
D:\data1\G\104.png,6
D:\data1\B\076.png,1
D:\data1\L\035.png,11
D:\data1\A\040.png,0
D:\data1\L\027.png,11
D:\data1\A\097.png,0
D:\data1\G\146.png,6
D:\data1\D\069.png,3
D:\data1\I\117.png,8
D:\data1\C\029.png,2
D:\data1\D\033.png,3
D:\data1\J\016.png,9
D:\data1\L\081.png,11
D:\data1\D\136.png,3
D:\data1\K\093.png,10
D:\data1\F\128.png,5
D:\data1\D\075.png,3
D:\data1\G\139.png,6
D:\data1\D\102.png,3
D:\data1\F\027.png,5
D:\data1\F\099.png,5
D:\data1\L\149.png,11
D:\data1\G\124.png,6
D:\data1\K\111.png,10
D:\data1\I\120.png,8
D:\data1\A\107.png,0
D:\data1\H\140.png,7
D:\data1\L\012.png,11
D:\data1\A\051.png,0
D:\data1\K\022.png,10
D:\data1\K\025.png,10
D:\data1\H\010.png,7
D:\data1\J\022.png,9
D:\data1\A\062.png,0
D:\data1\D\019.png,3
D:\data1\F\117.png,5
D:\data1\F\066.png,5
D:\data1\L\058.png,11
D:\data1\B\060.png,1
D:\data1\H\052.png,7
D:\data1\J\037.png,9
D:\data1\G\145.png,6
D:\data1\D\055.png,3
D:\data1\F\082.png,5
D:\data1\E\102.png,4
D:\data1\D\130.png,3
D:\data1\B\058.png,1
D:\data1\G\133.png,6
D:\data1\I\056.png,8
D:\data1\C\126.png,2
D:\data1\A\018.png,0
D:\data1\A\002.png,0
D:\data1\D\048.png,3
D:\data1\A\021.png,0
D:\data1\L\107.png,11
D:\data1\F\070.png,5
D:\data1\D\146.png,3
D:\data1\C\094.png,2
D:\data1\J\045.png,9
D:\data1\C\066.png,2
D:\data1\C\107.png,2
D:\data1\H\112.png,7
D:\data1\C\004.png,2
D:\data1\K\066.png,10
D:\data1\G\068.png,6
D:\data1\I\045.png,8
D:\data1\J\024.png,9
D:\data1\F\106.png,5
D:\data1\I\126.png,8
D:\data1\B\083.png,1
D:\data1\E\119.png,4
D:\data1\F\108.png,5
D:\data1\L\069.png,11
D:\data1\I\013.png,8
D:\data1\E\113.png,4
D:\data1\H\065.png,7
D:\data1\B\047.png,1
D:\data1\F\107.png,5
D:\data1\K\112.png,10
D:\data1\J\067.png,9
D:\data1\K\016.png,10
D:\data1\B\071.png,1
D:\data1\C\046.png,2
D:\data1\K\135.png,10
D:\data1\L\131.png,11
D:\data1\A\005.png,0
D:\data1\G\045.png,6
D:\data1\E\061.png,4
D:\data1\D\085.png,3
D:\data1\A\046.png,0
D:\data1\B\011.png,1
D:\data1\K\102.png,10
D:\data1\D\074.png,3
D:\data1\E\033.png,4
D:\data1\H\045.png,7
D:\data1\K\023.png,10
D:\data1\A\033.png,0
D:\data1\D\059.png,3
D:\data1\G\011.png,6
D:\data1\I\094.png,8
D:\data1\H\087.png,7
D:\data1\H\079.png,7
D:\data1\A\103.png,0
D:\data1\E\041.png,4
D:\data1\A\029.png,0
D:\data1\I\098.png,8
D:\data1\K\136.png,10
D:\data1\C\009.png,2
D:\data1\E\092.png,4
D:\data1\K\002.png,10
D:\data1\L\140.png,11
D:\data1\L\010.png,11
D:\data1\G\052.png,6
D:\data1\L\039.png,11
D:\data1\A\084.png,0
D:\data1\F\097.png,5
D:\data1\H\021.png,7
D:\data1\B\079.png,1
D:\data1\A\012.png,0
D:\data1\F\090.png,5
D:\data1\A\095.png,0
D:\data1\J\085.png,9
D:\data1\I\003.png,8
D:\data1\E\115.png,4
D:\data1\I\103.png,8
D:\data1\I\127.png,8
D:\data1\D\016.png,3
D:\data1\K\127.png,10
D:\data1\G\147.png,6
D:\data1\I\020.png,8
D:\data1\A\045.png,0
D:\data1\C\099.png,2
D:\data1\B\092.png,1
D:\data1\L\066.png,11
D:\data1\L\037.png,11
D:\data1\L\143.png,11
D:\data1\D\037.png,3
D:\data1\F\026.png,5
D:\data1\J\035.png,9
D:\data1\G\089.png,6
D:\data1\B\048.png,1
D:\data1\G\141.png,6
D:\data1\E\032.png,4
D:\data1\K\015.png,10
D:\data1\G\047.png,6
D:\data1\K\035.png,10
D:\data1\D\023.png,3
D:\data1\E\071.png,4
D:\data1\J\011.png,9
D:\data1\G\108.png,6
D:\data1\A\080.png,0
D:\data1\E\089.png,4
D:\data1\D\065.png,3
D:\data1\D\031.png,3
D:\data1\L\124.png,11
D:\data1\I\036.png,8
D:\data1\L\088.png,11
D:\data1\I\074.png,8
D:\data1\A\054.png,0
D:\data1\E\065.png,4
D:\data1\E\062.png,4
D:\data1\L\064.png,11
D:\data1\D\118.png,3
D:\data1\A\146.png,0
D:\data1\J\002.png,9
D:\data1\C\032.png,2
D:\data1\J\093.png,9
D:\data1\G\076.png,6
D:\data1\J\066.png,9
D:\data1\B\010.png,1
D:\data1\F\098.png,5
D:\data1\E\105.png,4
D:\data1\D\063.png,3
D:\data1\L\106.png,11
D:\data1\I\051.png,8
D:\data1\C\139.png,2
D:\data1\C\007.png,2
D:\data1\G\034.png,6
D:\data1\L\137.png,11
D:\data1\C\047.png,2
D:\data1\E\132.png,4
D:\data1\L\049.png,11
D:\data1\C\033.png,2
D:\data1\H\136.png,7
D:\data1\B\124.png,1
D:\data1\A\131.png,0
D:\data1\E\060.png,4
D:\data1\H\091.png,7
D:\data1\A\020.png,0
D:\data1\H\080.png,7
D:\data1\L\056.png,11
D:\data1\E\076.png,4
D:\data1\J\029.png,9
D:\data1\L\100.png,11
D:\data1\L\006.png,11
D:\data1\F\040.png,5
D:\data1\B\102.png,1
D:\data1\I\028.png,8
D:\data1\E\079.png,4
D:\data1\C\088.png,2
D:\data1\L\128.png,11
D:\data1\H\040.png,7
D:\data1\F\111.png,5
D:\data1\H\131.png,7
D:\data1\H\033.png,7
D:\data1\A\050.png,0
D:\data1\I\092.png,8
D:\data1\J\009.png,9
D:\data1\G\065.png,6
D:\data1\G\109.png,6
D:\data1\K\027.png,10
D:\data1\H\127.png,7
D:\data1\A\024.png,0
D:\data1\K\046.png,10
D:\data1\E\125.png,4
D:\data1\E\018.png,4
D:\data1\G\083.png,6
D:\data1\H\115.png,7
D:\data1\K\133.png,10
D:\data1\C\105.png,2
D:\data1\L\117.png,11
D:\data1\B\053.png,1
D:\data1\H\054.png,7
D:\data1\C\063.png,2
D:\data1\B\043.png,1
D:\data1\K\114.png,10
D:\data1\J\020.png,9
D:\data1\D\119.png,3
D:\data1\J\006.png,9
D:\data1\J\079.png,9
D:\data1\E\136.png,4
D:\data1\F\116.png,5
D:\data1\K\045.png,10
D:\data1\G\022.png,6
D:\data1\H\019.png,7
D:\data1\E\031.png,4
D:\data1\A\115.png,0
D:\data1\C\080.png,2
D:\data1\H\108.png,7
D:\data1\K\080.png,10
D:\data1\B\052.png,1
D:\data1\H\005.png,7
D:\data1\A\111.png,0
D:\data1\A\099.png,0
D:\data1\I\102.png,8
D:\data1\K\144.png,10
D:\data1\I\083.png,8
D:\data1\L\122.png,11
D:\data1\B\063.png,1
D:\data1\D\091.png,3
D:\data1\L\134.png,11
D:\data1\H\074.png,7
D:\data1\F\043.png,5
D:\data1\G\037.png,6
D:\data1\I\037.png,8
D:\data1\E\135.png,4
D:\data1\E\111.png,4
D:\data1\F\079.png,5
D:\data1\H\042.png,7
D:\data1\H\128.png,7
D:\data1\I\015.png,8
D:\data1\I\108.png,8
D:\data1\B\036.png,1
D:\data1\H\038.png,7
D:\data1\B\123.png,1
D:\data1\G\066.png,6
D:\data1\A\133.png,0
D:\data1\F\071.png,5
D:\data1\F\039.png,5
D:\data1\J\070.png,9
D:\data1\F\003.png,5
D:\data1\J\003.png,9
D:\data1\H\013.png,7
D:\data1\J\110.png,9
D:\data1\F\083.png,5
D:\data1\A\110.png,0
D:\data1\D\078.png,3
D:\data1\C\026.png,2
D:\data1\H\056.png,7
D:\data1\J\119.png,9
D:\data1\L\001.png,11
D:\data1\F\073.png,5
D:\data1\K\089.png,10
D:\data1\E\059.png,4
D:\data1\F\042.png,5
D:\data1\F\033.png,5
D:\data1\H\023.png,7
D:\data1\D\100.png,3
D:\data1\E\037.png,4
D:\data1\B\059.png,1
D:\data1\L\029.png,11
D:\data1\D\142.png,3
D:\data1\A\137.png,0
D:\data1\C\109.png,2
D:\data1\I\066.png,8
D:\data1\L\008.png,11
D:\data1\G\092.png,6
D:\data1\I\064.png,8
D:\data1\H\106.png,7
D:\data1\K\110.png,10
D:\data1\A\037.png,0
D:\data1\A\078.png,0
D:\data1\B\023.png,1
D:\data1\G\111.png,6
D:\data1\A\132.png,0
D:\data1\B\070.png,1
D:\data1\F\006.png,5
D:\data1\D\086.png,3
D:\data1\A\063.png,0
D:\data1\K\067.png,10
D:\data1\F\032.png,5
D:\data1\H\027.png,7
D:\data1\H\012.png,7
D:\data1\E\072.png,4
D:\data1\G\016.png,6
D:\data1\E\121.png,4
D:\data1\A\066.png,0
D:\data1\L\110.png,11
D:\data1\C\082.png,2
D:\data1\C\095.png,2
D:\data1\G\105.png,6
D:\data1\A\104.png,0
D:\data1\K\039.png,10
D:\data1\K\065.png,10
D:\data1\G\079.png,6
D:\data1\F\092.png,5
D:\data1\E\075.png,4
D:\data1\E\017.png,4
D:\data1\F\119.png,5
D:\data1\E\099.png,4
D:\data1\H\011.png,7
D:\data1\H\041.png,7
D:\data1\I\018.png,8
D:\data1\K\070.png,10
D:\data1\E\067.png,4
D:\data1\A\068.png,0
D:\data1\H\060.png,7
D:\data1\A\067.png,0
D:\data1\B\018.png,1
D:\data1\E\027.png,4
D:\data1\E\128.png,4
D:\data1\K\095.png,10
D:\data1\D\043.png,3
D:\data1\L\114.png,11
D:\data1\F\089.png,5
D:\data1\C\053.png,2
D:\data1\H\003.png,7
D:\data1\H\057.png,7
D:\data1\G\118.png,6
D:\data1\I\121.png,8
D:\data1\F\135.png,5
D:\data1\D\060.png,3
D:\data1\F\140.png,5
D:\data1\L\017.png,11
D:\data1\H\078.png,7
D:\data1\G\062.png,6
D:\data1\A\055.png,0
D:\data1\L\040.png,11
D:\data1\A\064.png,0
D:\data1\A\109.png,0
D:\data1\D\071.png,3
D:\data1\J\043.png,9
D:\data1\H\051.png,7
D:\data1\I\011.png,8
D:\data1\D\116.png,3
D:\data1\E\106.png,4
D:\data1\H\035.png,7
D:\data1\C\127.png,2
D:\data1\D\084.png,3
D:\data1\E\025.png,4
D:\data1\L\026.png,11
D:\data1\D\128.png,3
D:\data1\E\036.png,4
D:\data1\G\006.png,6
D:\data1\H\076.png,7
D:\data1\J\042.png,9
D:\data1\H\028.png,7
D:\data1\K\019.png,10
D:\data1\D\027.png,3
D:\data1\L\032.png,11
D:\data1\H\130.png,7
D:\data1\G\107.png,6
D:\data1\I\131.png,8
D:\data1\E\021.png,4
D:\data1\D\144.png,3
D:\data1\G\113.png,6
D:\data1\J\015.png,9
D:\data1\K\026.png,10
D:\data1\L\135.png,11
D:\data1\F\002.png,5
D:\data1\F\059.png,5
D:\data1\D\092.png,3
D:\data1\J\092.png,9
D:\data1\G\129.png,6
D:\data1\A\088.png,0
D:\data1\E\123.png,4
D:\data1\D\045.png,3
D:\data1\H\063.png,7
D:\data1\G\046.png,6
D:\data1\E\084.png,4
D:\data1\D\052.png,3
D:\data1\C\136.png,2
D:\data1\A\098.png,0
D:\data1\J\090.png,9
D:\data1\L\047.png,11
D:\data1\A\049.png,0
D:\data1\J\104.png,9
D:\data1\D\026.png,3
D:\data1\E\087.png,4
D:\data1\L\101.png,11
D:\data1\H\046.png,7
D:\data1\B\064.png,1
D:\data1\L\075.png,11
D:\data1\L\102.png,11
D:\data1\E\014.png,4
D:\data1\J\116.png,9
D:\data1\A\015.png,0
D:\data1\F\074.png,5
D:\data1\I\055.png,8
D:\data1\F\022.png,5
D:\data1\C\131.png,2
D:\data1\I\009.png,8
D:\data1\G\136.png,6
D:\data1\F\100.png,5
D:\data1\I\012.png,8
D:\data1\J\033.png,9
D:\data1\C\002.png,2
D:\data1\H\088.png,7
D:\data1\D\062.png,3
D:\data1\C\044.png,2
D:\data1\K\137.png,10
D:\data1\L\132.png,11
D:\data1\G\114.png,6
D:\data1\D\106.png,3
D:\data1\D\098.png,3
D:\data1\H\102.png,7
D:\data1\B\068.png,1
D:\data1\E\090.png,4
D:\data1\D\107.png,3
D:\data1\C\076.png,2
D:\data1\D\018.png,3
D:\data1\B\045.png,1
D:\data1\C\050.png,2
D:\data1\K\068.png,10
D:\data1\E\049.png,4
D:\data1\L\003.png,11
D:\data1\G\035.png,6
D:\data1\J\001.png,9
D:\data1\K\055.png,10
D:\data1\F\008.png,5
D:\data1\E\005.png,4
D:\data1\G\087.png,6
D:\data1\C\006.png,2
D:\data1\E\012.png,4
D:\data1\F\049.png,5
D:\data1\C\128.png,2
D:\data1\F\078.png,5
D:\data1\D\057.png,3
D:\data1\I\148.png,8
D:\data1\E\080.png,4
D:\data1\K\131.png,10
D:\data1\K\091.png,10
D:\data1\F\086.png,5
D:\data1\H\077.png,7
D:\data1\C\144.png,2
D:\data1\A\117.png,0
D:\data1\A\072.png,0
D:\data1\K\078.png,10
D:\data1\F\023.png,5
D:\data1\G\134.png,6
D:\data1\F\031.png,5
D:\data1\G\120.png,6
D:\data1\C\068.png,2
D:\data1\D\111.png,3
D:\data1\F\048.png,5
D:\data1\D\072.png,3
D:\data1\B\015.png,1
D:\data1\D\077.png,3
D:\data1\F\058.png,5
D:\data1\G\050.png,6
D:\data1\J\081.png,9
D:\data1\I\090.png,8
D:\data1\L\147.png,11
D:\data1\D\081.png,3
D:\data1\L\126.png,11
D:\data1\A\009.png,0
D:\data1\L\004.png,11
D:\data1\F\133.png,5
D:\data1\A\122.png,0
D:\data1\A\113.png,0
D:\data1\D\044.png,3
D:\data1\E\097.png,4
D:\data1\B\113.png,1
D:\data1\K\048.png,10
D:\data1\C\122.png,2
D:\data1\A\101.png,0
D:\data1\J\098.png,9
D:\data1\B\038.png,1
D:\data1\K\049.png,10
D:\data1\E\101.png,4
D:\data1\F\112.png,5
D:\data1\E\058.png,4
D:\data1\K\113.png,10
D:\data1\D\093.png,3
D:\data1\A\023.png,0
D:\data1\C\073.png,2
D:\data1\H\072.png,7
D:\data1\G\044.png,6
D:\data1\J\077.png,9
D:\data1\H\009.png,7
D:\data1\H\129.png,7
D:\data1\I\130.png,8
D:\data1\J\048.png,9
D:\data1\K\051.png,10
D:\data1\F\069.png,5
D:\data1\C\090.png,2
D:\data1\H\083.png,7
D:\data1\G\084.png,6
D:\data1\F\011.png,5
D:\data1\J\108.png,9
D:\data1\A\114.png,0
D:\data1\L\142.png,11
D:\data1\B\061.png,1
D:\data1\A\061.png,0
D:\data1\E\140.png,4
D:\data1\L\112.png,11
D:\data1\F\142.png,5
D:\data1\D\035.png,3
D:\data1\A\091.png,0
D:\data1\I\024.png,8
D:\data1\F\145.png,5
D:\data1\L\146.png,11
D:\data1\A\126.png,0
D:\data1\L\098.png,11
D:\data1\I\101.png,8
D:\data1\K\038.png,10
D:\data1\F\020.png,5
D:\data1\F\028.png,5
D:\data1\J\041.png,9
D:\data1\H\105.png,7
D:\data1\L\121.png,11
D:\data1\B\055.png,1
D:\data1\L\036.png,11
D:\data1\L\109.png,11
D:\data1\B\028.png,1
D:\data1\H\049.png,7
D:\data1\A\144.png,0
D:\data1\H\122.png,7
D:\data1\C\091.png,2
D:\data1\G\041.png,6
D:\data1\K\126.png,10
D:\data1\I\139.png,8
D:\data1\D\137.png,3
D:\data1\D\115.png,3
D:\data1\F\029.png,5
D:\data1\E\046.png,4
D:\data1\D\105.png,3
D:\data1\F\019.png,5
D:\data1\K\138.png,10
D:\data1\F\132.png,5
D:\data1\B\097.png,1
D:\data1\H\073.png,7
D:\data1\I\033.png,8
D:\data1\H\139.png,7
D:\data1\F\093.png,5
D:\data1\G\081.png,6
D:\data1\F\036.png,5
D:\data1\B\035.png,1
D:\data1\B\034.png,1
D:\data1\C\061.png,2
D:\data1\I\022.png,8
D:\data1\J\105.png,9
D:\data1\C\023.png,2
D:\data1\K\106.png,10
D:\data1\C\106.png,2
D:\data1\A\031.png,0
D:\data1\G\024.png,6
D:\data1\E\013.png,4
D:\data1\F\127.png,5
D:\data1\B\008.png,1
D:\data1\G\112.png,6
D:\data1\C\100.png,2
D:\data1\H\101.png,7
D:\data1\D\083.png,3
D:\data1\E\104.png,4
D:\data1\J\052.png,9
D:\data1\L\141.png,11
D:\data1\E\010.png,4
D:\data1\I\106.png,8
D:\data1\L\025.png,11
D:\data1\H\070.png,7
D:\data1\G\017.png,6
D:\data1\F\123.png,5
D:\data1\H\107.png,7
D:\data1\J\059.png,9
D:\data1\J\106.png,9
D:\data1\L\083.png,11
D:\data1\A\025.png,0
D:\data1\K\105.png,10
D:\data1\G\123.png,6
D:\data1\C\001.png,2
D:\data1\B\049.png,1
D:\data1\I\143.png,8
D:\data1\A\011.png,0
D:\data1\G\023.png,6
D:\data1\G\036.png,6
D:\data1\C\112.png,2
D:\data1\E\006.png,4
D:\data1\H\039.png,7
D:\data1\C\065.png,2
D:\data1\L\151.png,11
D:\data1\A\119.png,0
D:\data1\E\022.png,4
D:\data1\C\111.png,2
D:\data1\J\078.png,9
D:\data1\E\088.png,4
D:\data1\D\120.png,3
D:\data1\F\075.png,5
D:\data1\J\122.png,9
D:\data1\L\082.png,11
D:\data1\I\006.png,8
D:\data1\H\029.png,7
D:\data1\C\085.png,2
D:\data1\A\096.png,0
D:\data1\E\044.png,4
D:\data1\G\131.png,6
D:\data1\L\051.png,11
D:\data1\G\137.png,6
D:\data1\I\072.png,8
D:\data1\K\125.png,10
D:\data1\G\014.png,6
D:\data1\J\111.png,9
D:\data1\F\130.png,5
D:\data1\I\128.png,8
D:\data1\A\069.png,0
D:\data1\A\019.png,0
D:\data1\A\026.png,0
D:\data1\J\109.png,9
D:\data1\L\097.png,11
D:\data1\L\028.png,11
D:\data1\G\128.png,6
D:\data1\A\145.png,0
D:\data1\D\015.png,3
D:\data1\L\013.png,11
D:\data1\L\118.png,11
D:\data1\D\056.png,3
D:\data1\K\012.png,10
D:\data1\C\093.png,2
D:\data1\J\114.png,9
D:\data1\C\058.png,2
D:\data1\C\132.png,2
D:\data1\E\050.png,4
D:\data1\J\057.png,9
D:\data1\I\039.png,8
D:\data1\I\046.png,8
D:\data1\J\086.png,9
D:\data1\E\056.png,4
D:\data1\B\118.png,1
D:\data1\G\010.png,6
D:\data1\L\136.png,11
D:\data1\K\140.png,10
D:\data1\F\094.png,5
D:\data1\K\116.png,10
D:\data1\L\031.png,11
D:\data1\K\008.png,10
D:\data1\J\012.png,9
D:\data1\A\129.png,0
D:\data1\E\001.png,4
D:\data1\L\094.png,11
D:\data1\I\132.png,8
D:\data1\C\019.png,2
D:\data1\F\139.png,5
D:\data1\J\076.png,9
D:\data1\H\109.png,7
D:\data1\L\090.png,11
D:\data1\F\080.png,5
D:\data1\B\026.png,1
D:\data1\K\087.png,10
D:\data1\K\118.png,10
D:\data1\I\107.png,8
D:\data1\A\120.png,0
D:\data1\A\057.png,0
D:\data1\I\099.png,8
D:\data1\I\069.png,8
D:\data1\C\040.png,2
D:\data1\F\126.png,5
D:\data1\D\034.png,3
D:\data1\E\024.png,4
D:\data1\E\023.png,4
D:\data1\A\059.png,0
D:\data1\A\079.png,0
D:\data1\J\053.png,9
D:\data1\A\071.png,0
D:\data1\F\102.png,5
D:\data1\E\057.png,4
D:\data1\G\116.png,6
D:\data1\K\097.png,10
D:\data1\L\005.png,11
D:\data1\K\073.png,10
D:\data1\D\112.png,3
D:\data1\F\141.png,5
D:\data1\G\100.png,6
D:\data1\D\097.png,3
D:\data1\K\044.png,10
D:\data1\G\069.png,6
D:\data1\L\103.png,11
D:\data1\B\116.png,1
D:\data1\E\045.png,4
D:\data1\L\108.png,11
D:\data1\L\021.png,11
D:\data1\E\043.png,4
D:\data1\A\089.png,0
D:\data1\G\140.png,6
D:\data1\F\096.png,5
D:\data1\I\010.png,8
D:\data1\E\139.png,4
D:\data1\D\038.png,3
D:\data1\J\080.png,9
D:\data1\L\007.png,11
D:\data1\G\117.png,6
D:\data1\C\121.png,2
D:\data1\C\025.png,2
D:\data1\C\014.png,2
D:\data1\I\071.png,8
D:\data1\C\028.png,2
D:\data1\D\094.png,3
D:\data1\F\024.png,5
D:\data1\H\061.png,7
D:\data1\B\066.png,1
D:\data1\F\081.png,5
D:\data1\C\135.png,2
D:\data1\L\020.png,11
D:\data1\L\139.png,11
D:\data1\H\142.png,7
D:\data1\H\082.png,7
D:\data1\G\031.png,6
D:\data1\D\076.png,3
D:\data1\K\064.png,10
D:\data1\J\123.png,9
D:\data1\J\124.png,9
D:\data1\C\035.png,2
D:\data1\E\028.png,4
D:\data1\C\146.png,2
D:\data1\B\110.png,1
D:\data1\J\073.png,9
D:\data1\L\120.png,11
D:\data1\K\088.png,10
D:\data1\C\075.png,2
D:\data1\A\100.png,0
D:\data1\A\140.png,0
D:\data1\L\071.png,11
D:\data1\B\003.png,1
D:\data1\A\052.png,0
D:\data1\B\037.png,1
D:\data1\H\048.png,7
D:\data1\I\116.png,8
D:\data1\H\030.png,7
D:\data1\L\014.png,11
D:\data1\D\082.png,3
D:\data1\G\048.png,6
D:\data1\J\115.png,9
D:\data1\E\100.png,4
D:\data1\G\064.png,6
D:\data1\K\024.png,10
D:\data1\I\097.png,8
D:\data1\D\143.png,3
D:\data1\K\104.png,10
D:\data1\F\051.png,5
D:\data1\C\041.png,2
D:\data1\L\087.png,11
D:\data1\K\081.png,10
D:\data1\H\086.png,7
D:\data1\G\077.png,6
D:\data1\F\052.png,5
D:\data1\F\137.png,5
D:\data1\H\064.png,7
D:\data1\B\107.png,1
D:\data1\H\067.png,7
D:\data1\E\026.png,4
D:\data1\C\130.png,2
D:\data1\E\042.png,4
D:\data1\C\116.png,2
D:\data1\I\087.png,8
D:\data1\B\039.png,1
D:\data1\J\120.png,9
D:\data1\J\026.png,9
D:\data1\E\070.png,4
D:\data1\I\042.png,8
D:\data1\A\073.png,0
D:\data1\I\133.png,8
D:\data1\D\046.png,3
D:\data1\F\012.png,5
D:\data1\I\141.png,8
D:\data1\G\073.png,6
D:\data1\J\071.png,9
D:\data1\C\054.png,2
D:\data1\C\021.png,2
D:\data1\L\057.png,11
D:\data1\C\038.png,2
D:\data1\C\129.png,2
D:\data1\L\111.png,11
D:\data1\C\087.png,2
D:\data1\H\075.png,7
D:\data1\B\085.png,1
D:\data1\D\041.png,3
D:\data1\C\145.png,2
D:\data1\I\082.png,8
D:\data1\L\061.png,11
D:\data1\K\143.png,10
D:\data1\E\122.png,4
D:\data1\C\097.png,2
D:\data1\K\017.png,10
D:\data1\F\009.png,5
D:\data1\I\068.png,8
D:\data1\H\141.png,7
D:\data1\A\082.png,0
D:\data1\A\085.png,0
D:\data1\C\048.png,2
D:\data1\B\090.png,1
D:\data1\J\054.png,9
D:\data1\J\091.png,9
D:\data1\E\035.png,4
D:\data1\D\010.png,3
D:\data1\B\072.png,1
D:\data1\G\012.png,6
D:\data1\B\122.png,1
D:\data1\C\067.png,2
D:\data1\H\024.png,7
D:\data1\L\148.png,11
D:\data1\G\103.png,6
D:\data1\J\036.png,9
D:\data1\G\038.png,6
D:\data1\H\113.png,7
D:\data1\L\009.png,11
D:\data1\A\083.png,0
D:\data1\D\054.png,3
D:\data1\K\004.png,10
D:\data1\B\093.png,1
D:\data1\I\048.png,8
D:\data1\E\134.png,4
D:\data1\J\008.png,9
D:\data1\J\074.png,9
D:\data1\H\084.png,7
D:\data1\A\010.png,0
D:\data1\C\051.png,2
D:\data1\I\086.png,8
D:\data1\J\100.png,9
D:\data1\D\104.png,3
D:\data1\D\007.png,3
D:\data1\E\130.png,4
D:\data1\G\130.png,6
D:\data1\D\008.png,3
D:\data1\B\075.png,1
D:\data1\L\089.png,11
D:\data1\G\056.png,6
D:\data1\L\044.png,11
D:\data1\L\125.png,11
D:\data1\E\066.png,4
D:\data1\I\140.png,8
D:\data1\I\134.png,8
D:\data1\K\033.png,10
D:\data1\E\114.png,4
D:\data1\A\076.png,0
D:\data1\A\139.png,0
D:\data1\B\020.png,1
D:\data1\L\041.png,11
D:\data1\I\005.png,8
D:\data1\E\038.png,4
D:\data1\G\058.png,6
D:\data1\C\043.png,2
D:\data1\K\119.png,10
D:\data1\B\115.png,1
D:\data1\E\040.png,4
D:\data1\G\040.png,6
D:\data1\D\021.png,3
D:\data1\A\128.png,0
D:\data1\G\095.png,6
D:\data1\A\042.png,0
D:\data1\H\058.png,7
D:\data1\F\007.png,5
D:\data1\K\006.png,10
D:\data1\E\086.png,4
D:\data1\D\135.png,3
D:\data1\F\037.png,5
D:\data1\D\147.png,3
D:\data1\A\014.png,0
D:\data1\H\124.png,7
D:\data1\L\076.png,11
D:\data1\H\036.png,7
D:\data1\H\068.png,7
D:\data1\I\016.png,8
D:\data1\L\080.png,11
D:\data1\J\103.png,9
D:\data1\I\111.png,8
D:\data1\K\086.png,10
D:\data1\F\129.png,5
D:\data1\A\116.png,0
D:\data1\B\069.png,1
D:\data1\C\079.png,2
D:\data1\B\067.png,1
D:\data1\K\128.png,10
D:\data1\D\013.png,3
D:\data1\H\144.png,7
D:\data1\F\035.png,5
D:\data1\I\112.png,8
D:\data1\F\055.png,5
D:\data1\C\092.png,2
D:\data1\J\084.png,9
D:\data1\L\060.png,11
D:\data1\B\057.png,1
D:\data1\F\072.png,5
D:\data1\H\090.png,7
D:\data1\G\078.png,6
D:\data1\G\099.png,6
D:\data1\I\054.png,8
D:\data1\J\014.png,9
D:\data1\B\016.png,1
D:\data1\I\021.png,8
D:\data1\B\025.png,1
D:\data1\D\047.png,3
D:\data1\G\013.png,6
D:\data1\J\062.png,9
D:\data1\B\031.png,1
D:\data1\D\088.png,3
D:\data1\F\104.png,5
D:\data1\I\061.png,8
D:\data1\L\072.png,11
D:\data1\B\013.png,1
D:\data1\D\149.png,3
D:\data1\G\070.png,6
D:\data1\A\112.png,0
D:\data1\G\055.png,6
D:\data1\F\091.png,5
D:\data1\H\099.png,7
D:\data1\L\096.png,11
D:\data1\G\027.png,6
D:\data1\L\130.png,11
D:\data1\E\103.png,4
D:\data1\I\079.png,8
D:\data1\J\027.png,9
D:\data1\J\031.png,9
D:\data1\G\020.png,6
D:\data1\K\103.png,10
D:\data1\K\129.png,10
D:\data1\K\029.png,10
D:\data1\J\118.png,9
D:\data1\H\089.png,7
D:\data1\H\026.png,7
D:\data1\D\096.png,3
D:\data1\F\120.png,5
D:\data1\I\047.png,8
D:\data1\F\136.png,5
D:\data1\L\144.png,11
D:\data1\C\060.png,2
D:\data1\A\138.png,0
D:\data1\E\093.png,4
D:\data1\F\114.png,5
D:\data1\K\028.png,10
D:\data1\K\099.png,10
D:\data1\D\133.png,3
D:\data1\F\050.png,5
D:\data1\J\089.png,9
D:\data1\L\062.png,11
D:\data1\F\015.png,5
D:\data1\L\116.png,11
D:\data1\B\100.png,1
D:\data1\B\006.png,1
D:\data1\L\079.png,11
D:\data1\F\068.png,5
D:\data1\I\044.png,8
D:\data1\B\022.png,1
D:\data1\K\075.png,10
D:\data1\L\043.png,11
D:\data1\I\125.png,8
D:\data1\H\066.png,7
D:\data1\E\137.png,4
D:\data1\E\019.png,4
D:\data1\K\092.png,10
D:\data1\B\119.png,1
D:\data1\L\033.png,11
D:\data1\B\009.png,1
D:\data1\G\042.png,6
D:\data1\B\042.png,1
D:\data1\J\063.png,9
D:\data1\K\082.png,10
D:\data1\B\054.png,1
D:\data1\F\041.png,5
D:\data1\E\020.png,4
D:\data1\D\126.png,3
D:\data1\I\014.png,8
D:\data1\G\049.png,6
D:\data1\A\038.png,0
D:\data1\G\054.png,6
D:\data1\B\027.png,1
D:\data1\C\059.png,2
D:\data1\D\138.png,3
D:\data1\A\058.png,0
D:\data1\H\126.png,7
D:\data1\D\006.png,3
D:\data1\B\080.png,1
D:\data1\F\056.png,5
D:\data1\C\096.png,2
D:\data1\C\078.png,2
D:\data1\C\045.png,2
D:\data1\C\124.png,2
D:\data1\F\021.png,5
D:\data1\F\025.png,5
D:\data1\D\017.png,3
D:\data1\B\104.png,1
D:\data1\J\097.png,9
D:\data1\L\019.png,11
D:\data1\L\092.png,11
D:\data1\C\034.png,2
D:\data1\L\093.png,11
D:\data1\G\067.png,6
D:\data1\E\120.png,4
D:\data1\A\004.png,0
D:\data1\J\047.png,9
D:\data1\E\004.png,4
D:\data1\G\063.png,6
D:\data1\G\030.png,6
D:\data1\D\090.png,3
D:\data1\H\123.png,7
D:\data1\G\135.png,6
D:\data1\D\051.png,3
D:\data1\J\013.png,9
D:\data1\K\139.png,10
D:\data1\C\003.png,2
D:\data1\C\125.png,2
D:\data1\C\077.png,2
D:\data1\K\117.png,10
D:\data1\H\002.png,7
D:\data1\G\088.png,6
D:\data1\I\146.png,8
D:\data1\K\079.png,10
D:\data1\B\033.png,1
D:\data1\G\119.png,6
D:\data1\C\052.png,2
D:\data1\B\101.png,1
D:\data1\K\115.png,10
D:\data1\D\080.png,3
D:\data1\K\076.png,10
D:\data1\E\112.png,4
D:\data1\G\096.png,6
D:\data1\D\148.png,3
D:\data1\L\016.png,11
D:\data1\B\112.png,1
D:\data1\G\043.png,6
D:\data1\G\071.png,6
D:\data1\G\143.png,6
D:\data1\D\036.png,3
D:\data1\E\145.png,4
D:\data1\A\047.png,0
D:\data1\G\008.png,6
D:\data1\L\030.png,11
D:\data1\F\016.png,5
D:\data1\H\116.png,7
D:\data1\C\042.png,2
D:\data1\L\095.png,11
D:\data1\G\086.png,6
D:\data1\B\001.png,1
D:\data1\K\072.png,10
D:\data1\I\122.png,8
D:\data1\H\031.png,7
D:\data1\K\013.png,10
D:\data1\K\057.png,10
D:\data1\F\121.png,5
D:\data1\G\093.png,6
D:\data1\F\105.png,5
D:\data1\F\138.png,5
D:\data1\D\032.png,3
D:\data1\J\030.png,9
D:\data1\C\055.png,2
D:\data1\H\017.png,7
D:\data1\G\061.png,6
D:\data1\G\106.png,6
D:\data1\G\004.png,6
D:\data1\C\104.png,2
D:\data1\B\105.png,1
D:\data1\C\018.png,2
D:\data1\B\073.png,1
D:\data1\I\144.png,8
D:\data1\D\070.png,3
D:\data1\B\007.png,1
D:\data1\C\037.png,2
D:\data1\A\034.png,0
D:\data1\I\089.png,8
D:\data1\A\074.png,0
D:\data1\K\061.png,10
D:\data1\A\092.png,0
D:\data1\K\084.png,10
D:\data1\H\020.png,7
D:\data1\I\040.png,8
D:\data1\K\018.png,10
D:\data1\C\027.png,2
D:\data1\L\011.png,11
D:\data1\E\055.png,4
D:\data1\J\096.png,9
D:\data1\B\017.png,1
D:\data1\E\143.png,4
D:\data1\D\012.png,3
D:\data1\B\051.png,1
D:\data1\J\112.png,9
D:\data1\J\107.png,9
D:\data1\L\150.png,11
D:\data1\H\001.png,7
D:\data1\J\099.png,9
D:\data1\F\004.png,5
D:\data1\L\022.png,11
D:\data1\A\121.png,0
D:\data1\J\010.png,9
D:\data1\D\068.png,3
D:\data1\E\126.png,4
D:\data1\K\040.png,10
D:\data1\A\070.png,0
D:\data1\H\093.png,7
D:\data1\H\007.png,7
D:\data1\B\044.png,1
D:\data1\B\029.png,1
D:\data1\C\072.png,2
D:\data1\I\004.png,8
D:\data1\G\060.png,6
D:\data1\E\030.png,4
D:\data1\H\121.png,7
D:\data1\C\030.png,2
D:\data1\H\103.png,7
D:\data1\K\141.png,10
D:\data1\J\040.png,9
D:\data1\I\034.png,8
D:\data1\D\042.png,3
D:\data1\C\070.png,2
D:\data1\L\053.png,11
D:\data1\D\005.png,3
D:\data1\C\064.png,2
D:\data1\L\015.png,11
D:\data1\G\094.png,6
D:\data1\A\123.png,0
D:\data1\G\025.png,6
D:\data1\G\059.png,6
D:\data1\G\053.png,6
D:\data1\G\007.png,6
D:\data1\D\003.png,3
D:\data1\K\036.png,10
D:\data1\F\064.png,5
D:\data1\B\084.png,1
D:\data1\E\047.png,4
D:\data1\J\060.png,9
D:\data1\G\072.png,6
D:\data1\I\123.png,8
D:\data1\A\008.png,0
D:\data1\D\067.png,3
D:\data1\H\143.png,7
D:\data1\I\110.png,8
D:\data1\E\096.png,4
D:\data1\L\068.png,11
D:\data1\L\042.png,11
D:\data1\H\119.png,7
D:\data1\G\019.png,6
D:\data1\F\060.png,5
D:\data1\L\018.png,11
D:\data1\L\115.png,11
D:\data1\K\094.png,10
D:\data1\D\117.png,3
D:\data1\G\026.png,6
D:\data1\F\001.png,5
D:\data1\E\147.png,4
D:\data1\L\023.png,11
D:\data1\F\118.png,5
D:\data1\C\008.png,2
D:\data1\C\141.png,2
D:\data1\K\011.png,10
D:\data1\G\085.png,6
D:\data1\C\113.png,2
D:\data1\J\025.png,9
D:\data1\J\005.png,9
D:\data1\A\134.png,0
D:\data1\F\095.png,5
D:\data1\G\009.png,6
D:\data1\L\113.png,11
D:\data1\E\098.png,4
D:\data1\C\015.png,2
D:\data1\C\142.png,2
D:\data1\J\046.png,9
D:\data1\H\032.png,7
D:\data1\I\091.png,8
D:\data1\C\119.png,2
D:\data1\L\145.png,11
D:\data1\F\110.png,5
D:\data1\B\030.png,1
D:\data1\F\113.png,5
D:\data1\D\101.png,3
D:\data1\K\071.png,10
D:\data1\K\054.png,10
D:\data1\K\034.png,10
D:\data1\E\077.png,4
D:\data1\D\011.png,3
D:\data1\L\063.png,11
D:\data1\E\138.png,4
D:\data1\J\028.png,9
D:\data1\G\098.png,6
D:\data1\J\072.png,9
D:\data1\H\062.png,7
D:\data1\I\041.png,8
D:\data1\F\046.png,5
D:\data1\C\039.png,2
D:\data1\B\004.png,1
D:\data1\C\084.png,2
D:\data1\H\047.png,7
D:\data1\F\045.png,5
D:\data1\E\124.png,4
D:\data1\B\012.png,1
D:\data1\I\081.png,8
D:\data1\I\115.png,8
D:\data1\L\055.png,11
D:\data1\D\079.png,3
D:\data1\A\127.png,0
D:\data1\J\113.png,9
D:\data1\B\019.png,1
D:\data1\E\146.png,4
D:\data1\B\091.png,1
D:\data1\D\040.png,3
D:\data1\E\078.png,4
D:\data1\D\145.png,3
D:\data1\C\081.png,2
D:\data1\J\094.png,9
D:\data1\B\098.png,1
D:\data1\J\004.png,9
D:\data1\H\015.png,7
D:\data1\K\142.png,10
D:\data1\H\120.png,7
D:\data1\E\109.png,4
D:\data1\H\138.png,7
D:\data1\L\059.png,11
D:\data1\I\050.png,8
D:\data1\H\018.png,7
D:\data1\G\039.png,6
D:\data1\F\103.png,5
D:\data1\I\147.png,8
D:\data1\H\050.png,7
D:\data1\K\060.png,10
D:\data1\B\103.png,1
D:\data1\B\024.png,1
D:\data1\H\135.png,7
D:\data1\K\020.png,10
D:\data1\C\133.png,2
D:\data1\A\090.png,0
D:\data1\H\134.png,7
D:\data1\A\032.png,0
D:\data1\H\118.png,7
D:\data1\L\048.png,11
D:\data1\D\134.png,3
D:\data1\H\071.png,7
D:\data1\I\137.png,8
D:\data1\D\108.png,3
D:\data1\H\104.png,7
D:\data1\E\054.png,4
D:\data1\J\117.png,9
D:\data1\K\014.png,10
D:\data1\C\118.png,2
D:\data1\C\036.png,2
D:\data1\E\144.png,4
D:\data1\G\005.png,6
D:\data1\K\100.png,10
D:\data1\I\075.png,8
D:\data1\J\007.png,9
D:\data1\C\103.png,2
D:\data1\B\086.png,1
D:\data1\G\028.png,6
D:\data1\E\073.png,4
D:\data1\L\002.png,11
D:\data1\F\005.png,5
D:\data1\L\038.png,11
D:\data1\A\075.png,0
D:\data1\J\021.png,9
D:\data1\K\062.png,10
D:\data1\L\077.png,11
D:\data1\J\023.png,9
D:\data1\E\116.png,4
D:\data1\B\088.png,1
D:\data1\F\017.png,5
D:\data1\A\065.png,0
D:\data1\I\052.png,8
D:\data1\G\126.png,6
D:\data1\E\082.png,4
D:\data1\A\022.png,0
D:\data1\B\056.png,1
D:\data1\K\053.png,10
D:\data1\D\025.png,3
D:\data1\J\095.png,9
D:\data1\E\051.png,4
D:\data1\I\029.png,8
D:\data1\H\096.png,7
D:\data1\K\130.png,10
D:\data1\J\068.png,9
D:\data1\D\001.png,3
D:\data1\K\010.png,10
D:\data1\G\015.png,6
D:\data1\J\044.png,9
D:\data1\D\122.png,3
D:\data1\H\081.png,7
D:\data1\A\016.png,0
D:\data1\B\121.png,1
D:\data1\E\108.png,4
D:\data1\F\010.png,5
D:\data1\D\024.png,3
D:\data1\F\013.png,5
D:\data1\K\001.png,10
D:\data1\H\022.png,7
D:\data1\K\083.png,10
D:\data1\F\067.png,5
D:\data1\J\051.png,9
D:\data1\C\071.png,2
D:\data1\C\101.png,2
D:\data1\L\086.png,11
D:\data1\I\073.png,8
D:\data1\F\143.png,5
D:\data1\E\107.png,4
D:\data1\L\129.png,11
D:\data1\K\085.png,10
D:\data1\A\006.png,0
D:\data1\H\114.png,7
D:\data1\K\007.png,10
D:\data1\E\008.png,4
D:\data1\F\061.png,5
D:\data1\B\114.png,1
D:\data1\E\094.png,4
D:\data1\C\083.png,2
D:\data1\C\056.png,2
D:\data1\B\040.png,1
D:\data1\C\089.png,2
D:\data1\A\060.png,0
D:\data1\G\002.png,6
D:\data1\I\080.png,8
D:\data1\A\013.png,0
D:\data1\F\085.png,5
D:\data1\H\016.png,7
D:\data1\B\089.png,1
D:\data1\D\109.png,3
D:\data1\I\017.png,8
D:\data1\B\032.png,1
D:\data1\G\075.png,6
D:\data1\D\127.png,3
D:\data1\C\016.png,2
D:\data1\A\028.png,0
D:\data1\F\087.png,5
D:\data1\K\107.png,10
D:\data1\A\087.png,0
D:\data1\J\125.png,9
D:\data1\A\041.png,0
D:\data1\J\082.png,9
D:\data1\E\052.png,4
D:\data1\D\061.png,3
D:\data1\A\105.png,0
D:\data1\H\053.png,7
D:\data1\J\019.png,9
D:\data1\I\084.png,8
D:\data1\J\121.png,9
D:\data1\C\024.png,2
D:\data1\C\108.png,2
D:\data1\I\031.png,8
D:\data1\H\133.png,7
D:\data1\K\059.png,10
D:\data1\H\110.png,7
D:\data1\A\001.png,0
D:\data1\A\030.png,0
D:\data1\H\055.png,7
D:\data1\B\014.png,1
D:\data1\E\074.png,4
D:\data1\E\034.png,4
D:\data1\K\056.png,10
D:\data1\B\096.png,1
D:\data1\G\003.png,6
D:\data1\D\132.png,3
D:\data1\I\067.png,8
D:\data1\K\134.png,10
D:\data1\A\086.png,0
D:\data1\K\005.png,10
D:\data1\F\030.png,5
D:\data1\K\120.png,10
D:\data1\L\045.png,11
D:\data1\K\063.png,10
D:\data1\I\096.png,8
D:\data1\L\034.png,11
D:\data1\I\027.png,8
D:\data1\H\006.png,7
D:\data1\D\064.png,3
D:\data1\J\032.png,9
D:\data1\D\053.png,3
D:\data1\J\034.png,9
D:\data1\L\046.png,11
D:\data1\H\092.png,7
D:\data1\L\127.png,11
D:\data1\G\033.png,6
D:\data1\D\141.png,3
D:\data1\I\001.png,8
D:\data1\F\088.png,5
D:\data1\H\037.png,7
D:\data1\I\062.png,8
D:\data1\A\053.png,0
D:\data1\E\133.png,4
D:\data1\I\059.png,8
D:\data1\I\065.png,8
D:\data1\K\052.png,10
D:\data1\L\078.png,11
D:\data1\D\009.png,3
D:\data1\I\019.png,8
D:\data1\H\132.png,7
D:\data1\I\077.png,8
D:\data1\C\114.png,2
D:\data1\J\102.png,9
D:\data1\F\084.png,5
D:\data1\G\051.png,6
D:\data1\E\029.png,4
D:\data1\B\050.png,1
D:\data1\B\002.png,1
D:\data1\I\088.png,8
D:\data1\G\144.png,6
D:\data1\H\014.png,7
D:\data1\E\068.png,4
D:\data1\J\083.png,9
D:\data1\A\003.png,0
D:\data1\J\065.png,9
D:\data1\A\017.png,0
D:\data1\I\026.png,8
D:\data1\B\109.png,1
D:\data1\K\096.png,10
D:\data1\C\020.png,2
D:\data1\C\005.png,2
D:\data1\A\048.png,0
D:\data1\C\010.png,2
D:\data1\K\030.png,10
D:\data1\G\082.png,6
D:\data1\L\067.png,11
D:\data1\D\123.png,3
D:\data1\C\140.png,2
D:\data1\C\017.png,2
D:\data1\B\120.png,1
D:\data1\L\065.png,11
D:\data1\A\027.png,0
D:\data1\F\115.png,5
D:\data1\I\129.png,8
D:\data1\J\018.png,9
D:\data1\K\050.png,10
D:\data1\E\083.png,4
D:\data1\A\094.png,0
D:\data1\H\137.png,7
D:\data1\F\014.png,5
D:\data1\H\044.png,7
D:\data1\I\076.png,8
D:\data1\E\091.png,4
D:\data1\B\078.png,1
D:\data1\C\138.png,2
D:\data1\L\070.png,11
D:\data1\K\043.png,10
D:\data1\E\002.png,4
D:\data1\I\060.png,8
D:\data1\I\023.png,8
D:\data1\H\059.png,7
D:\data1\K\077.png,10
D:\data1\J\056.png,9
D:\data1\D\103.png,3
D:\data1\D\095.png,3
D:\data1\B\077.png,1
D:\data1\C\022.png,2
D:\data1\A\043.png,0
D:\data1\K\123.png,10
D:\data1\C\110.png,2
D:\data1\F\124.png,5
D:\data1\D\140.png,3
D:\data1\K\098.png,10
D:\data1\A\036.png,0
D:\data1\K\124.png,10
D:\data1\A\007.png,0
D:\data1\E\064.png,4
D:\data1\G\142.png,6
D:\data1\H\097.png,7
D:\data1\D\124.png,3
D:\data1\D\110.png,3
D:\data1\D\050.png,3
D:\data1\K\021.png,10
D:\data1\F\122.png,5
D:\data1\D\028.png,3
D:\data1\B\111.png,1
D:\data1\D\087.png,3
D:\data1\F\034.png,5
D:\data1\I\007.png,8
D:\data1\A\142.png,0
D:\data1\K\042.png,10
D:\data1\G\057.png,6
D:\data1\C\137.png,2
D:\data1\K\109.png,10
D:\data1\I\049.png,8
D:\data1\E\118.png,4
D:\data1\C\057.png,2
D:\data1\J\050.png,9
D:\data1\G\090.png,6
D:\data1\J\049.png,9
D:\data1\B\081.png,1
D:\data1\H\111.png,7
D:\data1\L\123.png,11
D:\data1\I\100.png,8
D:\data1\J\101.png,9
D:\data1\K\032.png,10
D:\data1\J\088.png,9
D:\data1\I\104.png,8
D:\data1\I\145.png,8
D:\data1\G\001.png,6
D:\data1\K\090.png,10
D:\data1\H\043.png,7
D:\data1\E\063.png,4
D:\data1\I\043.png,8
D:\data1\J\061.png,9
D:\data1\K\058.png,10
D:\data1\D\020.png,3
D:\data1\E\117.png,4
D:\data1\A\039.png,0
D:\data1\C\011.png,2
D:\data1\B\117.png,1
D:\data1\F\044.png,5
D:\data1\H\117.png,7
D:\data1\F\065.png,5
D:\data1\I\063.png,8
D:\data1\E\069.png,4
D:\data1\D\073.png,3
D:\data1\F\054.png,5
D:\data1\K\121.png,10
D:\data1\G\097.png,6
D:\data1\L\084.png,11
D:\data1\G\132.png,6
D:\data1\E\085.png,4
D:\data1\B\094.png,1
D:\data1\A\108.png,0
D:\data1\A\093.png,0
D:\data1\H\085.png,7
D:\data1\J\038.png,9
D:\data1\G\115.png,6
D:\data1\D\113.png,3
D:\data1\K\101.png,10
D:\data1\I\138.png,8
D:\data1\H\098.png,7
D:\data1\F\144.png,5
D:\data1\G\018.png,6
D:\data1\E\039.png,4
D:\data1\F\038.png,5
D:\data1\D\002.png,3
D:\data1\A\077.png,0
D:\data1\C\102.png,2
D:\data1\E\016.png,4
D:\data1\L\105.png,11
D:\data1\A\106.png,0
D:\data1\I\038.png,8
D:\data1\D\089.png,3
D:\data1\G\102.png,6
D:\data1\D\004.png,3
D:\data1\E\011.png,4
D:\data1\B\082.png,1
D:\data1\I\105.png,8
D:\data1\A\044.png,0
D:\data1\B\108.png,1
D:\data1\L\133.png,11
D:\data1\F\053.png,5
D:\data1\H\100.png,7
D:\data1\I\114.png,8
D:\data1\I\057.png,8
D:\data1\I\135.png,8
D:\data1\A\035.png,0
D:\data1\H\094.png,7
D:\data1\B\074.png,1
D:\data1\D\139.png,3
D:\data1\E\131.png,4
D:\data1\K\031.png,10
D:\data1\D\125.png,3
D:\data1\D\029.png,3
D:\data1\J\039.png,9
D:\data1\A\143.png,0
D:\data1\K\037.png,10
D:\data1\D\022.png,3
D:\data1\G\101.png,6
D:\data1\I\025.png,8
D:\data1\I\085.png,8
D:\data1\I\078.png,8
D:\data1\A\124.png,0
D:\data1\G\127.png,6
D:\data1\E\095.png,4
D:\data1\G\121.png,6
D:\data1\D\039.png,3
D:\data1\D\121.png,3
D:\data1\L\073.png,11
D:\data1\E\141.png,4
D:\data1\G\122.png,6
D:\data1\K\003.png,10
D:\data1\H\125.png,7
D:\data1\A\135.png,0
D:\data1\D\066.png,3
D:\data1\D\030.png,3
D:\data1\F\062.png,5
D:\data1\A\102.png,0
D:\data1\F\134.png,5
D:\data1\E\007.png,4
D:\data1\E\110.png,4
D:\data1\L\091.png,11
D:\data1\J\087.png,9
D:\data1\I\093.png,8
D:\data1\G\125.png,6
D:\data1\D\131.png,3
D:\data1\G\032.png,6
D:\data1\C\074.png,2
D:\data1\I\070.png,8
D:\data1\I\124.png,8
D:\data1\E\053.png,4
D:\data1\K\041.png,10
D:\data1\I\032.png,8
D:\data1\F\125.png,5
D:\data1\J\069.png,9
D:\data1\I\058.png,8
D:\data1\H\095.png,7
D:\data1\G\091.png,6
D:\data1\D\099.png,3
D:\data1\C\012.png,2
D:\data1\C\117.png,2
D:\data1\D\114.png,3
D:\data1\F\101.png,5
D:\data1\B\065.png,1
D:\data1\C\143.png,2
D:\data1\A\125.png,0
D:\data1\B\046.png,1
D:\data1\B\062.png,1
D:\data1\I\142.png,8
D:\data1\I\002.png,8
D:\data1\I\053.png,8
D:\data1\D\129.png,3
D:\data1\I\136.png,8
D:\data1\G\021.png,6
D:\data1\L\050.png,11
D:\data1\H\069.png,7
D:\data1\C\086.png,2
D:\data1\L\054.png,11
D:\data1\F\063.png,5
D:\data1\I\030.png,8
D:\data1\L\074.png,11
D:\data1\F\047.png,5
D:\data1\L\099.png,11
D:\data1\K\108.png,10
D:\data1\I\008.png,8
D:\data1\E\003.png,4
D:\data1\C\069.png,2
D:\data1\B\041.png,1
D:\data1\C\120.png,2
D:\data1\I\113.png,8
D:\data1\C\115.png,2
D:\data1\E\129.png,4
D:\data1\C\031.png,2
D:\data1\B\087.png,1
D:\data1\G\138.png,6
D:\data1\B\099.png,1
D:\data1\G\080.png,6
D:\data1\A\141.png,0
D:\data1\E\127.png,4
D:\data1\J\055.png,9
D:\data1\C\062.png,2
D:\data1\K\069.png,10
D:\data1\K\132.png,10
D:\data1\F\076.png,5
D:\data1\L\104.png,11
D:\data1\L\052.png,11
D:\data1\A\081.png,0
D:\data1\K\047.png,10
D:\data1\C\098.png,2
D:\data1\B\095.png,1
D:\data1\K\122.png,10
D:\data1\D\058.png,3
D:\data1\J\064.png,9
D:\data1\E\009.png,4
D:\data1\A\118.png,0
D:\data1\K\074.png,10
D:\data1\H\025.png,7
D:\data1\G\110.png,6
D:\data1\H\034.png,7
D:\data1\L\085.png,11
D:\data1\A\056.png,0
D:\data1\B\005.png,1
D:\data1\C\049.png,2
D:\data1\L\119.png,11
D:\data1\F\018.png,5
D:\data1\B\021.png,1
D:\data1\I\095.png,8
D:\data1\E\142.png,4
D:\data1\H\004.png,7
D:\data1\G\029.png,6
D:\data1\F\077.png,5
D:\data1\H\008.png,7
D:\data1\B\106.png,1
D:\data1\F\057.png,5
D:\data1\J\058.png,9
D:\data1\E\081.png,4
D:\data1\C\123.png,2
D:\data1\C\134.png,2
D:\data1\I\119.png,8
