D:\data2\A-1\B\009.png,1
D:\data2\A-1\C\018.png,2
D:\data2\A-1\E\011.png,4
D:\data2\A-1\B\004.png,1
D:\data2\A-1\A\011.png,0
D:\data2\A-1\G\011.png,6
D:\data2\A-1\K\017.png,10
D:\data2\A-1\D\014.png,3
D:\data2\A-1\E\008.png,4
D:\data2\A-1\K\018.png,10
D:\data2\A-1\J\022.png,9
D:\data2\A-1\B\020.png,1
D:\data2\A-1\I\017.png,8
D:\data2\A-1\F\012.png,5
D:\data2\A-1\F\007.png,5
D:\data2\A-1\H\007.png,7
D:\data2\A-1\C\003.png,2
D:\data2\A-1\C\016.png,2
D:\data2\A-1\E\001.png,4
D:\data2\A-1\J\015.png,9
D:\data2\A-1\G\010.png,6
D:\data2\A-1\G\017.png,6
D:\data2\A-1\D\009.png,3
D:\data2\A-1\K\016.png,10
D:\data2\A-1\F\014.png,5
D:\data2\A-1\K\013.png,10
D:\data2\A-1\F\001.png,5
D:\data2\A-1\I\011.png,8
D:\data2\A-1\C\010.png,2
D:\data2\A-1\G\001.png,6
D:\data2\A-1\L\011.png,11
D:\data2\A-1\J\009.png,9
D:\data2\A-1\B\018.png,1
D:\data2\A-1\I\009.png,8
D:\data2\A-1\D\021.png,3
D:\data2\A-1\D\005.png,3
D:\data2\A-1\E\007.png,4
D:\data2\A-1\C\020.png,2
D:\data2\A-1\A\022.png,0
D:\data2\A-1\D\022.png,3
D:\data2\A-1\H\006.png,7
D:\data2\A-1\I\006.png,8
D:\data2\A-1\J\011.png,9
D:\data2\A-1\G\021.png,6
D:\data2\A-1\A\018.png,0
D:\data2\A-1\A\013.png,0
D:\data2\A-1\G\019.png,6
D:\data2\A-1\H\013.png,7
D:\data2\A-1\D\012.png,3
D:\data2\A-1\J\018.png,9
D:\data2\A-1\L\020.png,11
D:\data2\A-1\J\021.png,9
D:\data2\A-1\F\008.png,5
D:\data2\A-1\I\014.png,8
D:\data2\A-1\F\017.png,5
D:\data2\A-1\C\004.png,2
D:\data2\A-1\D\003.png,3
D:\data2\A-1\B\002.png,1
D:\data2\A-1\F\020.png,5
D:\data2\A-1\K\015.png,10
D:\data2\A-1\I\007.png,8
D:\data2\A-1\B\021.png,1
D:\data2\A-1\L\001.png,11
D:\data2\A-1\F\005.png,5
D:\data2\A-1\H\005.png,7
D:\data2\A-1\F\013.png,5
D:\data2\A-1\C\022.png,2
D:\data2\A-1\I\010.png,8
D:\data2\A-1\I\012.png,8
D:\data2\A-1\C\021.png,2
D:\data2\A-1\I\001.png,8
D:\data2\A-1\K\019.png,10
D:\data2\A-1\F\004.png,5
D:\data2\A-1\G\005.png,6
D:\data2\A-1\A\004.png,0
D:\data2\A-1\F\021.png,5
D:\data2\A-1\C\019.png,2
D:\data2\A-1\G\012.png,6
D:\data2\A-1\B\019.png,1
D:\data2\A-1\F\019.png,5
D:\data2\A-1\D\018.png,3
D:\data2\A-1\K\007.png,10
D:\data2\A-1\G\009.png,6
D:\data2\A-1\H\004.png,7
D:\data2\A-1\B\017.png,1
D:\data2\A-1\D\008.png,3
D:\data2\A-1\A\010.png,0
D:\data2\A-1\B\010.png,1
D:\data2\A-1\L\022.png,11
D:\data2\A-1\D\011.png,3
D:\data2\A-1\B\015.png,1
D:\data2\A-1\J\016.png,9
D:\data2\A-1\A\007.png,0
D:\data2\A-1\J\013.png,9
D:\data2\A-1\E\003.png,4
D:\data2\A-1\J\017.png,9
D:\data2\A-1\I\005.png,8
D:\data2\A-1\C\014.png,2
D:\data2\A-1\L\006.png,11
D:\data2\A-1\H\020.png,7
D:\data2\A-1\B\013.png,1
D:\data2\A-1\C\017.png,2
D:\data2\A-1\A\014.png,0
D:\data2\A-1\E\016.png,4
D:\data2\A-1\E\012.png,4
D:\data2\A-1\I\020.png,8
D:\data2\A-1\F\009.png,5
D:\data2\A-1\G\006.png,6
D:\data2\A-1\H\011.png,7
D:\data2\A-1\J\002.png,9
D:\data2\A-1\K\014.png,10
D:\data2\A-1\K\009.png,10
D:\data2\A-1\B\022.png,1
D:\data2\A-1\I\018.png,8
D:\data2\A-1\E\002.png,4
D:\data2\A-1\J\005.png,9
D:\data2\A-1\K\012.png,10
D:\data2\A-1\A\008.png,0
D:\data2\A-1\G\016.png,6
D:\data2\A-1\B\006.png,1
D:\data2\A-1\D\004.png,3
D:\data2\A-1\H\012.png,7
D:\data2\A-1\B\012.png,1
D:\data2\A-1\E\006.png,4
D:\data2\A-1\A\001.png,0
D:\data2\A-1\J\001.png,9
D:\data2\A-1\C\012.png,2
D:\data2\A-1\E\013.png,4
D:\data2\A-1\H\009.png,7
D:\data2\A-1\L\007.png,11
D:\data2\A-1\C\008.png,2
D:\data2\A-1\I\015.png,8
D:\data2\A-1\I\003.png,8
D:\data2\A-1\K\002.png,10
D:\data2\A-1\K\020.png,10
D:\data2\A-1\D\002.png,3
D:\data2\A-1\L\012.png,11
D:\data2\A-1\A\016.png,0
D:\data2\A-1\G\014.png,6
D:\data2\A-1\G\002.png,6
D:\data2\A-1\I\004.png,8
D:\data2\A-1\K\004.png,10
D:\data2\A-1\A\009.png,0
D:\data2\A-1\C\013.png,2
D:\data2\A-1\E\004.png,4
D:\data2\A-1\A\003.png,0
D:\data2\A-1\J\010.png,9
D:\data2\A-1\C\005.png,2
D:\data2\A-1\I\013.png,8
D:\data2\A-1\I\022.png,8
D:\data2\A-1\C\009.png,2
D:\data2\A-1\G\013.png,6
D:\data2\A-1\K\021.png,10
D:\data2\A-1\J\007.png,9
D:\data2\A-1\I\019.png,8
D:\data2\A-1\C\002.png,2
D:\data2\A-1\C\015.png,2
D:\data2\A-1\L\003.png,11
D:\data2\A-1\G\018.png,6
D:\data2\A-1\A\017.png,0
D:\data2\A-1\G\003.png,6
D:\data2\A-1\K\003.png,10
D:\data2\A-1\C\001.png,2
D:\data2\A-1\A\015.png,0
D:\data2\A-1\J\006.png,9
D:\data2\A-1\E\017.png,4
D:\data2\A-1\F\006.png,5
D:\data2\A-1\H\022.png,7
D:\data2\A-1\I\002.png,8
D:\data2\A-1\D\019.png,3
D:\data2\A-1\J\012.png,9
D:\data2\A-1\B\011.png,1
D:\data2\A-1\L\018.png,11
D:\data2\A-1\A\002.png,0
D:\data2\A-1\A\019.png,0
D:\data2\A-1\K\008.png,10
D:\data2\A-1\B\014.png,1
D:\data2\A-1\F\018.png,5
D:\data2\A-1\B\016.png,1
D:\data2\A-1\D\001.png,3
D:\data2\A-1\L\008.png,11
D:\data2\A-1\H\001.png,7
D:\data2\A-1\L\021.png,11
D:\data2\A-1\B\001.png,1
D:\data2\A-1\B\007.png,1
D:\data2\A-1\K\010.png,10
D:\data2\A-1\L\010.png,11
D:\data2\A-1\H\021.png,7
D:\data2\A-1\G\020.png,6
D:\data2\A-1\L\002.png,11
D:\data2\A-1\B\003.png,1
D:\data2\A-1\J\019.png,9
D:\data2\A-1\K\011.png,10
D:\data2\A-1\L\013.png,11
D:\data2\A-1\A\006.png,0
D:\data2\A-1\D\010.png,3
D:\data2\A-1\E\018.png,4
D:\data2\A-1\A\005.png,0
D:\data2\A-1\B\008.png,1
D:\data2\A-1\D\013.png,3
D:\data2\A-1\E\005.png,4
D:\data2\A-1\L\015.png,11
D:\data2\A-1\C\007.png,2
D:\data2\A-1\A\021.png,0
D:\data2\A-1\D\007.png,3
D:\data2\A-1\D\015.png,3
D:\data2\A-1\G\015.png,6
D:\data2\A-1\G\008.png,6
D:\data2\A-1\F\016.png,5
D:\data2\A-1\E\009.png,4
D:\data2\A-1\L\016.png,11
D:\data2\A-1\G\004.png,6
D:\data2\A-1\F\010.png,5
D:\data2\A-1\I\008.png,8
D:\data2\A-1\H\018.png,7
D:\data2\A-1\J\020.png,9
D:\data2\A-1\E\014.png,4
D:\data2\A-1\I\016.png,8
D:\data2\A-1\J\004.png,9
D:\data2\A-1\H\019.png,7
D:\data2\A-1\H\003.png,7
D:\data2\A-1\K\001.png,10
D:\data2\A-1\E\020.png,4
D:\data2\A-1\A\012.png,0
D:\data2\A-1\L\009.png,11
D:\data2\A-1\F\003.png,5
D:\data2\A-1\L\005.png,11
D:\data2\A-1\A\020.png,0
D:\data2\A-1\K\005.png,10
D:\data2\A-1\E\015.png,4
D:\data2\A-1\H\010.png,7
D:\data2\A-1\F\015.png,5
D:\data2\A-1\H\015.png,7
D:\data2\A-1\D\017.png,3
D:\data2\A-1\H\014.png,7
D:\data2\A-1\F\011.png,5
D:\data2\A-1\D\016.png,3
D:\data2\A-1\I\021.png,8
D:\data2\A-1\E\019.png,4
D:\data2\A-1\L\014.png,11
D:\data2\A-1\F\002.png,5
D:\data2\A-1\C\006.png,2
D:\data2\A-1\E\022.png,4
D:\data2\A-1\G\007.png,6
D:\data2\A-1\H\016.png,7
D:\data2\A-1\C\011.png,2
D:\data2\A-1\J\014.png,9
D:\data2\A-1\D\020.png,3
D:\data2\A-1\L\017.png,11
D:\data2\A-1\H\017.png,7
D:\data2\A-1\L\019.png,11
D:\data2\A-1\J\003.png,9
D:\data2\A-1\K\006.png,10
D:\data2\A-1\H\002.png,7
D:\data2\A-1\E\010.png,4
D:\data2\A-1\E\021.png,4
D:\data2\A-1\J\008.png,9
D:\data2\A-1\L\004.png,11
D:\data2\A-1\B\005.png,1
D:\data2\A-1\D\006.png,3
D:\data2\A-1\H\008.png,7
