D:\data2\B-2\E\008.png,4
D:\data2\B-2\A\003.png,0
D:\data2\B-2\H\013.png,7
D:\data2\B-2\G\002.png,6
D:\data2\B-2\D\004.png,3
D:\data2\B-2\H\020.png,7
D:\data2\B-2\G\014.png,6
D:\data2\B-2\H\004.png,7
D:\data2\B-2\C\015.png,2
D:\data2\B-2\I\013.png,8
D:\data2\B-2\F\006.png,5
D:\data2\B-2\F\014.png,5
D:\data2\B-2\G\008.png,6
D:\data2\B-2\K\002.png,10
D:\data2\B-2\A\001.png,0
D:\data2\B-2\F\003.png,5
D:\data2\B-2\C\013.png,2
D:\data2\B-2\B\018.png,1
D:\data2\B-2\F\021.png,5
D:\data2\B-2\B\002.png,1
D:\data2\B-2\I\012.png,8
D:\data2\B-2\D\009.png,3
D:\data2\B-2\H\017.png,7
D:\data2\B-2\C\021.png,2
D:\data2\B-2\G\004.png,6
D:\data2\B-2\K\015.png,10
D:\data2\B-2\D\003.png,3
D:\data2\B-2\H\003.png,7
D:\data2\B-2\A\015.png,0
D:\data2\B-2\D\011.png,3
D:\data2\B-2\D\016.png,3
D:\data2\B-2\J\001.png,9
D:\data2\B-2\L\017.png,11
D:\data2\B-2\I\007.png,8
D:\data2\B-2\C\008.png,2
D:\data2\B-2\D\010.png,3
D:\data2\B-2\B\008.png,1
D:\data2\B-2\J\014.png,9
D:\data2\B-2\J\006.png,9
D:\data2\B-2\K\007.png,10
D:\data2\B-2\G\017.png,6
D:\data2\B-2\H\001.png,7
D:\data2\B-2\I\017.png,8
D:\data2\B-2\K\010.png,10
D:\data2\B-2\B\005.png,1
D:\data2\B-2\G\007.png,6
D:\data2\B-2\K\016.png,10
D:\data2\B-2\K\004.png,10
D:\data2\B-2\J\009.png,9
D:\data2\B-2\E\007.png,4
D:\data2\B-2\E\020.png,4
D:\data2\B-2\J\013.png,9
D:\data2\B-2\B\001.png,1
D:\data2\B-2\H\005.png,7
D:\data2\B-2\G\011.png,6
D:\data2\B-2\C\018.png,2
D:\data2\B-2\I\020.png,8
D:\data2\B-2\A\018.png,0
D:\data2\B-2\B\020.png,1
D:\data2\B-2\C\017.png,2
D:\data2\B-2\B\021.png,1
D:\data2\B-2\I\001.png,8
D:\data2\B-2\K\014.png,10
D:\data2\B-2\C\019.png,2
D:\data2\B-2\C\002.png,2
D:\data2\B-2\F\012.png,5
D:\data2\B-2\C\009.png,2
D:\data2\B-2\B\015.png,1
D:\data2\B-2\E\014.png,4
D:\data2\B-2\J\018.png,9
D:\data2\B-2\D\006.png,3
D:\data2\B-2\F\016.png,5
D:\data2\B-2\G\006.png,6
D:\data2\B-2\D\007.png,3
D:\data2\B-2\C\004.png,2
D:\data2\B-2\G\013.png,6
D:\data2\B-2\C\011.png,2
D:\data2\B-2\L\009.png,11
D:\data2\B-2\J\020.png,9
D:\data2\B-2\G\021.png,6
D:\data2\B-2\E\005.png,4
D:\data2\B-2\K\013.png,10
D:\data2\B-2\K\006.png,10
D:\data2\B-2\K\017.png,10
D:\data2\B-2\A\009.png,0
D:\data2\B-2\H\007.png,7
D:\data2\B-2\H\008.png,7
D:\data2\B-2\H\021.png,7
D:\data2\B-2\F\009.png,5
D:\data2\B-2\F\010.png,5
D:\data2\B-2\D\020.png,3
D:\data2\B-2\C\010.png,2
D:\data2\B-2\K\001.png,10
D:\data2\B-2\G\016.png,6
D:\data2\B-2\K\021.png,10
D:\data2\B-2\J\008.png,9
D:\data2\B-2\I\005.png,8
D:\data2\B-2\J\019.png,9
D:\data2\B-2\E\003.png,4
D:\data2\B-2\H\019.png,7
D:\data2\B-2\E\001.png,4
D:\data2\B-2\B\004.png,1
D:\data2\B-2\F\019.png,5
D:\data2\B-2\C\001.png,2
D:\data2\B-2\K\009.png,10
D:\data2\B-2\L\019.png,11
D:\data2\B-2\A\002.png,0
D:\data2\B-2\E\016.png,4
D:\data2\B-2\C\005.png,2
D:\data2\B-2\K\005.png,10
D:\data2\B-2\B\019.png,1
D:\data2\B-2\I\006.png,8
D:\data2\B-2\D\017.png,3
D:\data2\B-2\L\004.png,11
D:\data2\B-2\F\007.png,5
D:\data2\B-2\B\017.png,1
D:\data2\B-2\I\018.png,8
D:\data2\B-2\F\015.png,5
D:\data2\B-2\H\006.png,7
D:\data2\B-2\K\020.png,10
D:\data2\B-2\A\017.png,0
D:\data2\B-2\D\012.png,3
D:\data2\B-2\H\018.png,7
D:\data2\B-2\C\006.png,2
D:\data2\B-2\A\021.png,0
D:\data2\B-2\F\018.png,5
D:\data2\B-2\L\007.png,11
D:\data2\B-2\J\002.png,9
D:\data2\B-2\L\002.png,11
D:\data2\B-2\I\002.png,8
D:\data2\B-2\J\007.png,9
D:\data2\B-2\G\015.png,6
D:\data2\B-2\J\010.png,9
D:\data2\B-2\K\011.png,10
D:\data2\B-2\H\012.png,7
D:\data2\B-2\K\019.png,10
D:\data2\B-2\F\013.png,5
D:\data2\B-2\F\011.png,5
D:\data2\B-2\E\011.png,4
D:\data2\B-2\E\010.png,4
D:\data2\B-2\K\008.png,10
D:\data2\B-2\A\016.png,0
D:\data2\B-2\E\013.png,4
D:\data2\B-2\D\014.png,3
D:\data2\B-2\A\010.png,0
D:\data2\B-2\D\008.png,3
D:\data2\B-2\J\012.png,9
D:\data2\B-2\E\019.png,4
D:\data2\B-2\L\013.png,11
D:\data2\B-2\D\019.png,3
D:\data2\B-2\F\020.png,5
D:\data2\B-2\F\004.png,5
D:\data2\B-2\I\008.png,8
D:\data2\B-2\C\020.png,2
D:\data2\B-2\E\017.png,4
D:\data2\B-2\H\011.png,7
D:\data2\B-2\F\005.png,5
D:\data2\B-2\J\005.png,9
D:\data2\B-2\C\007.png,2
D:\data2\B-2\E\018.png,4
D:\data2\B-2\I\003.png,8
D:\data2\B-2\I\010.png,8
D:\data2\B-2\B\010.png,1
D:\data2\B-2\E\002.png,4
D:\data2\B-2\L\014.png,11
D:\data2\B-2\L\021.png,11
D:\data2\B-2\J\015.png,9
D:\data2\B-2\J\017.png,9
D:\data2\B-2\I\019.png,8
D:\data2\B-2\H\015.png,7
D:\data2\B-2\B\003.png,1
D:\data2\B-2\E\009.png,4
D:\data2\B-2\A\011.png,0
D:\data2\B-2\L\008.png,11
D:\data2\B-2\H\014.png,7
D:\data2\B-2\G\005.png,6
D:\data2\B-2\I\011.png,8
D:\data2\B-2\B\012.png,1
D:\data2\B-2\E\012.png,4
D:\data2\B-2\K\003.png,10
D:\data2\B-2\G\010.png,6
D:\data2\B-2\A\006.png,0
D:\data2\B-2\L\015.png,11
D:\data2\B-2\A\019.png,0
D:\data2\B-2\E\006.png,4
D:\data2\B-2\J\011.png,9
D:\data2\B-2\I\004.png,8
D:\data2\B-2\E\004.png,4
D:\data2\B-2\G\003.png,6
D:\data2\B-2\L\016.png,11
D:\data2\B-2\G\019.png,6
D:\data2\B-2\G\001.png,6
D:\data2\B-2\B\014.png,1
D:\data2\B-2\E\021.png,4
D:\data2\B-2\K\018.png,10
D:\data2\B-2\C\003.png,2
D:\data2\B-2\A\004.png,0
D:\data2\B-2\L\018.png,11
D:\data2\B-2\G\012.png,6
D:\data2\B-2\B\006.png,1
D:\data2\B-2\G\020.png,6
D:\data2\B-2\C\014.png,2
D:\data2\B-2\B\011.png,1
D:\data2\B-2\F\002.png,5
D:\data2\B-2\L\020.png,11
D:\data2\B-2\B\007.png,1
D:\data2\B-2\C\012.png,2
D:\data2\B-2\A\007.png,0
D:\data2\B-2\F\017.png,5
D:\data2\B-2\L\011.png,11
D:\data2\B-2\G\018.png,6
D:\data2\B-2\D\021.png,3
D:\data2\B-2\B\009.png,1
D:\data2\B-2\J\021.png,9
D:\data2\B-2\D\018.png,3
D:\data2\B-2\H\016.png,7
D:\data2\B-2\D\002.png,3
D:\data2\B-2\L\003.png,11
D:\data2\B-2\K\012.png,10
D:\data2\B-2\A\008.png,0
D:\data2\B-2\A\020.png,0
D:\data2\B-2\L\001.png,11
D:\data2\B-2\I\009.png,8
D:\data2\B-2\L\006.png,11
D:\data2\B-2\L\005.png,11
D:\data2\B-2\A\012.png,0
D:\data2\B-2\L\010.png,11
D:\data2\B-2\I\021.png,8
D:\data2\B-2\D\005.png,3
D:\data2\B-2\D\015.png,3
D:\data2\B-2\I\014.png,8
D:\data2\B-2\J\016.png,9
D:\data2\B-2\H\010.png,7
D:\data2\B-2\A\014.png,0
D:\data2\B-2\A\013.png,0
D:\data2\B-2\J\003.png,9
D:\data2\B-2\J\004.png,9
D:\data2\B-2\A\005.png,0
D:\data2\B-2\F\001.png,5
D:\data2\B-2\D\001.png,3
D:\data2\B-2\H\009.png,7
D:\data2\B-2\B\016.png,1
D:\data2\B-2\C\016.png,2
D:\data2\B-2\B\013.png,1
D:\data2\B-2\F\008.png,5
D:\data2\B-2\I\016.png,8
D:\data2\B-2\I\015.png,8
D:\data2\B-2\E\015.png,4
D:\data2\B-2\H\002.png,7
D:\data2\B-2\L\012.png,11
D:\data2\B-2\G\009.png,6
D:\data2\B-2\D\013.png,3
